Ticker,Exchange
1301.T,TSE
130A.T,TSE
1332.T,TSE
1333.T,TSE
135A.T,TSE
1375.T,TSE
1376.T,TSE
1377.T,TSE
1379.T,TSE
137A.T,TSE
1380.T,TSE
1381.T,TSE
1382.T,TSE
1383.T,TSE
1384.T,TSE
138A.T,TSE
1401.T,TSE
1407.T,TSE
1414.T,TSE
1417.T,TSE
1418.T,TSE
1419.T,TSE
141A.T,TSE
1420.T,TSE
1429.T,TSE
142A.T,TSE
1430.T,TSE
1431.T,TSE
1433.T,TSE
1434.T,TSE
1435.T,TSE
1436.T,TSE
1438.T,TSE
143A.T,TSE
1443.T,TSE
1444.T,TSE
1446.T,TSE
1447.T,TSE
1450.T,TSE
145A.T,TSE
146A.T,TSE
147A.T,TSE
148A.T,TSE
1491.T,TSE
149A.T,TSE
150A.T,TSE
1514.T,TSE
1515.T,TSE
1518.T,TSE
151A.T,TSE
153A.T,TSE
155A.T,TSE
156A.T,TSE
157A.T,TSE
1605.T,TSE
160A.T,TSE
1662.T,TSE
1663.T,TSE
166A.T,TSE
167A.T,TSE
168A.T,TSE
1711.T,TSE
1712.T,TSE
1716.T,TSE
1717.T,TSE
1718.T,TSE
1719.T,TSE
1720.T,TSE
1721.T,TSE
1723.T,TSE
1724.T,TSE
1726.T,TSE
1736.T,TSE
173A.T,TSE
1758.T,TSE
175A.T,TSE
1762.T,TSE
1764.T,TSE
1766.T,TSE
1768.T,TSE
176A.T,TSE
1770.T,TSE
1776.T,TSE
177A.T,TSE
1780.T,TSE
1783.T,TSE
1786.T,TSE
1787.T,TSE
1788.T,TSE
1793.T,TSE
1795.T,TSE
1798.T,TSE
1799.T,TSE
1801.T,TSE
1802.T,TSE
1803.T,TSE
1807.T,TSE
1808.T,TSE
1810.T,TSE
1811.T,TSE
1812.T,TSE
1813.T,TSE
1814.T,TSE
1815.T,TSE
1820.T,TSE
1821.T,TSE
1822.T,TSE
1826.T,TSE
1827.T,TSE
1828.T,TSE
1833.T,TSE
1835.T,TSE
1840.T,TSE
1841.T,TSE
1844.T,TSE
1847.T,TSE
1848.T,TSE
184A.T,TSE
1850.T,TSE
1852.T,TSE
1853.T,TSE
1860.T,TSE
1861.T,TSE
1866.T,TSE
1867.T,TSE
186A.T,TSE
1870.T,TSE
1871.T,TSE
1873.T,TSE
1878.T,TSE
1879.T,TSE
1882.T,TSE
1885.T,TSE
1887.T,TSE
1888.T,TSE
1890.T,TSE
1893.T,TSE
1897.T,TSE
1898.T,TSE
1899.T,TSE
189A.T,TSE
1904.T,TSE
1905.T,TSE
1909.T,TSE
190A.T,TSE
1911.T,TSE
1914.T,TSE
1921.T,TSE
1925.T,TSE
1926.T,TSE
1928.T,TSE
1929.T,TSE
192A.T,TSE
1930.T,TSE
1934.T,TSE
1938.T,TSE
1939.T,TSE
1941.T,TSE
1942.T,TSE
1944.T,TSE
1945.T,TSE
1946.T,TSE
1948.T,TSE
1949.T,TSE
194A.T,TSE
1950.T,TSE
1951.T,TSE
1952.T,TSE
1959.T,TSE
195A.T,TSE
1960.T,TSE
1961.T,TSE
1963.T,TSE
1964.T,TSE
1965.T,TSE
1966.T,TSE
1967.T,TSE
1968.T,TSE
1969.T,TSE
196A.T,TSE
1972.T,TSE
1975.T,TSE
1976.T,TSE
1979.T,TSE
197A.T,TSE
1980.T,TSE
1981.T,TSE
1982.T,TSE
198A.T,TSE
1992.T,TSE
1994.T,TSE
1997.T,TSE
2001.T,TSE
2002.T,TSE
2003.T,TSE
2004.T,TSE
2009.T,TSE
202A.T,TSE
2053.T,TSE
2055.T,TSE
205A.T,TSE
2060.T,TSE
206A.T,TSE
208A.T,TSE
2108.T,TSE
2109.T,TSE
2112.T,TSE
2114.T,TSE
2117.T,TSE
211A.T,TSE
2120.T,TSE
2121.T,TSE
2122.T,TSE
2124.T,TSE
2127.T,TSE
212A.T,TSE
2130.T,TSE
2134.T,TSE
2136.T,TSE
2138.T,TSE
2139.T,TSE
2146.T,TSE
2148.T,TSE
2150.T,TSE
2152.T,TSE
2153.T,TSE
2154.T,TSE
2156.T,TSE
2157.T,TSE
2158.T,TSE
215A.T,TSE
2160.T,TSE
2162.T,TSE
2163.T,TSE
2164.T,TSE
2168.T,TSE
2169.T,TSE
2170.T,TSE
2173.T,TSE
2175.T,TSE
2179.T,TSE
2180.T,TSE
2181.T,TSE
2183.T,TSE
2185.T,TSE
2186.T,TSE
218A.T,TSE
2193.T,TSE
2195.T,TSE
2196.T,TSE
2198.T,TSE
219A.T,TSE
2201.T,TSE
2204.T,TSE
2206.T,TSE
2207.T,TSE
2208.T,TSE
2209.T,TSE
220A.T,TSE
2211.T,TSE
2212.T,TSE
2215.T,TSE
2216.T,TSE
2217.T,TSE
2220.T,TSE
2221.T,TSE
2222.T,TSE
2224.T,TSE
2226.T,TSE
2229.T,TSE
2264.T,TSE
2266.T,TSE
2267.T,TSE
2268.T,TSE
2269.T,TSE
2270.T,TSE
2281.T,TSE
2282.T,TSE
2286.T,TSE
2288.T,TSE
228A.T,TSE
2291.T,TSE
2292.T,TSE
2293.T,TSE
2294.T,TSE
2296.T,TSE
2300.T,TSE
2301.T,TSE
2303.T,TSE
2304.T,TSE
2305.T,TSE
2307.T,TSE
2311.T,TSE
2315.T,TSE
2317.T,TSE
2321.T,TSE
2323.T,TSE
2325.T,TSE
2326.T,TSE
2327.T,TSE
2329.T,TSE
2330.T,TSE
2331.T,TSE
2332.T,TSE
2334.T,TSE
2335.T,TSE
2337.T,TSE
2338.T,TSE
2340.T,TSE
2341.T,TSE
2342.T,TSE
2344.T,TSE
2345.T,TSE
2349.T,TSE
2351.T,TSE
2353.T,TSE
2354.T,TSE
2359.T,TSE
2370.T,TSE
2371.T,TSE
2373.T,TSE
2374.T,TSE
2375.T,TSE
2376.T,TSE
2378.T,TSE
2379.T,TSE
2384.T,TSE
2385.T,TSE
2388.T,TSE
2389.T,TSE
2391.T,TSE
2393.T,TSE
2395.T,TSE
2404.T,TSE
2408.T,TSE
2410.T,TSE
2411.T,TSE
2413.T,TSE
2415.T,TSE
2418.T,TSE
241A.T,TSE
2424.T,TSE
2425.T,TSE
2428.T,TSE
2429.T,TSE
2432.T,TSE
2433.T,TSE
2435.T,TSE
2436.T,TSE
2437.T,TSE
2438.T,TSE
2440.T,TSE
2445.T,TSE
2449.T,TSE
244A.T,TSE
2454.T,TSE
2459.T,TSE
245A.T,TSE
2461.T,TSE
2462.T,TSE
2464.T,TSE
2469.T,TSE
246A.T,TSE
2471.T,TSE
2475.T,TSE
2477.T,TSE
2479.T,TSE
247A.T,TSE
2480.T,TSE
2481.T,TSE
2483.T,TSE
2484.T,TSE
2485.T,TSE
2488.T,TSE
2489.T,TSE
248A.T,TSE
2491.T,TSE
2492.T,TSE
2493.T,TSE
2497.T,TSE
2498.T,TSE
2499.T,TSE
2501.T,TSE
2502.T,TSE
2503.T,TSE
250A.T,TSE
2531.T,TSE
2533.T,TSE
253A.T,TSE
2540.T,TSE
254A.T,TSE
255A.T,TSE
256A.T,TSE
2573.T,TSE
2579.T,TSE
2585.T,TSE
2586.T,TSE
2587.T,TSE
2588.T,TSE
2590.T,TSE
2593.T,TSE
25935.T,TSE
2594.T,TSE
2597.T,TSE
2602.T,TSE
2607.T,TSE
2612.T,TSE
2613.T,TSE
261A.T,TSE
262A.T,TSE
264A.T,TSE
2652.T,TSE
2653.T,TSE
2654.T,TSE
2656.T,TSE
2659.T,TSE
265A.T,TSE
2664.T,TSE
2666.T,TSE
2667.T,TSE
2668.T,TSE
2669.T,TSE
2670.T,TSE
2673.T,TSE
2674.T,TSE
2676.T,TSE
2678.T,TSE
2681.T,TSE
2683.T,TSE
2685.T,TSE
2686.T,TSE
2687.T,TSE
2689.T,TSE
268A.T,TSE
2692.T,TSE
2693.T,TSE
2694.T,TSE
2695.T,TSE
2698.T,TSE
269A.T,TSE
2700.T,TSE
2702.T,TSE
2705.T,TSE
2708.T,TSE
2721.T,TSE
2722.T,TSE
2726.T,TSE
2730.T,TSE
2733.T,TSE
2734.T,TSE
2735.T,TSE
2736.T,TSE
2737.T,TSE
2742.T,TSE
2743.T,TSE
2747.T,TSE
2749.T,TSE
274A.T,TSE
2750.T,TSE
2751.T,TSE
2752.T,TSE
2753.T,TSE
2760.T,TSE
2762.T,TSE
2763.T,TSE
2764.T,TSE
2767.T,TSE
2768.T,TSE
2769.T,TSE
276A.T,TSE
2776.T,TSE
2778.T,TSE
277A.T,TSE
2780.T,TSE
2782.T,TSE
2784.T,TSE
2788.T,TSE
2789.T,TSE
278A.T,TSE
2790.T,TSE
2791.T,TSE
2792.T,TSE
2795.T,TSE
2796.T,TSE
2798.T,TSE
2801.T,TSE
2802.T,TSE
2804.T,TSE
2805.T,TSE
2806.T,TSE
2809.T,TSE
280A.T,TSE
2810.T,TSE
2811.T,TSE
2813.T,TSE
2814.T,TSE
2815.T,TSE
2816.T,TSE
2818.T,TSE
2819.T,TSE
281A.T,TSE
2820.T,TSE
2831.T,TSE
285A.T,TSE
286A.T,TSE
2871.T,TSE
2872.T,TSE
2874.T,TSE
2875.T,TSE
2876.T,TSE
2877.T,TSE
287A.T,TSE
2882.T,TSE
2883.T,TSE
2884.T,TSE
288A.T,TSE
2892.T,TSE
2894.T,TSE
2897.T,TSE
2901.T,TSE
2903.T,TSE
2904.T,TSE
2907.T,TSE
2908.T,TSE
290A.T,TSE
2910.T,TSE
2911.T,TSE
2914.T,TSE
2915.T,TSE
2916.T,TSE
2917.T,TSE
2918.T,TSE
291A.T,TSE
2922.T,TSE
2923.T,TSE
2924.T,TSE
2926.T,TSE
2927.T,TSE
2929.T,TSE
2930.T,TSE
2931.T,TSE
2932.T,TSE
2933.T,TSE
2934.T,TSE
2935.T,TSE
2936.T,TSE
2937.T,TSE
2938.T,TSE
2961.T,TSE
2962.T,TSE
296A.T,TSE
2970.T,TSE
2975.T,TSE
2978.T,TSE
297A.T,TSE
2980.T,TSE
2981.T,TSE
2982.T,TSE
2983.T,TSE
2984.T,TSE
2986.T,TSE
298A.T,TSE
2991.T,TSE
2993.T,TSE
2997.T,TSE
2998.T,TSE
2999.T,TSE
299A.T,TSE
3001.T,TSE
3002.T,TSE
3003.T,TSE
3004.T,TSE
300A.T,TSE
3010.T,TSE
3011.T,TSE
3020.T,TSE
3021.T,TSE
3023.T,TSE
3024.T,TSE
3028.T,TSE
302A.T,TSE
3030.T,TSE
3031.T,TSE
3034.T,TSE
3035.T,TSE
3036.T,TSE
3038.T,TSE
303A.T,TSE
3040.T,TSE
3041.T,TSE
3042.T,TSE
3045.T,TSE
3046.T,TSE
3048.T,TSE
304A.T,TSE
3050.T,TSE
3053.T,TSE
3054.T,TSE
3058.T,TSE
3059.T,TSE
3063.T,TSE
3064.T,TSE
3065.T,TSE
3067.T,TSE
3068.T,TSE
3069.T,TSE
3070.T,TSE
3071.T,TSE
3075.T,TSE
3076.T,TSE
3077.T,TSE
3079.T,TSE
3080.T,TSE
3082.T,TSE
3083.T,TSE
3086.T,TSE
3087.T,TSE
3088.T,TSE
3089.T,TSE
3091.T,TSE
3092.T,TSE
3093.T,TSE
3094.T,TSE
3096.T,TSE
3097.T,TSE
3099.T,TSE
3101.T,TSE
3103.T,TSE
3104.T,TSE
3105.T,TSE
3106.T,TSE
3107.T,TSE
3109.T,TSE
3110.T,TSE
3111.T,TSE
3113.T,TSE
3116.T,TSE
3121.T,TSE
3123.T,TSE
3131.T,TSE
3132.T,TSE
3133.T,TSE
3134.T,TSE
3135.T,TSE
3137.T,TSE
3138.T,TSE
3139.T,TSE
3140.T,TSE
3143.T,TSE
3148.T,TSE
3150.T,TSE
3151.T,TSE
3153.T,TSE
3154.T,TSE
3156.T,TSE
3157.T,TSE
3159.T,TSE
3160.T,TSE
3161.T,TSE
3166.T,TSE
3167.T,TSE
3168.T,TSE
3169.T,TSE
3172.T,TSE
3173.T,TSE
3174.T,TSE
3175.T,TSE
3176.T,TSE
3177.T,TSE
3178.T,TSE
3179.T,TSE
3180.T,TSE
3181.T,TSE
3182.T,TSE
3183.T,TSE
3184.T,TSE
3185.T,TSE
3186.T,TSE
3187.T,TSE
3189.T,TSE
3190.T,TSE
3191.T,TSE
3192.T,TSE
3193.T,TSE
3195.T,TSE
3196.T,TSE
3197.T,TSE
3198.T,TSE
3199.T,TSE
319A.T,TSE
3201.T,TSE
3202.T,TSE
3204.T,TSE
3205.T,TSE
3221.T,TSE
3222.T,TSE
3223.T,TSE
3224.T,TSE
3231.T,TSE
3232.T,TSE
3236.T,TSE
3237.T,TSE
3238.T,TSE
323A.T,TSE
3241.T,TSE
3242.T,TSE
3245.T,TSE
3246.T,TSE
3248.T,TSE
324A.T,TSE
3252.T,TSE
325A.T,TSE
3261.T,TSE
3266.T,TSE
3267.T,TSE
3271.T,TSE
3276.T,TSE
3277.T,TSE
3280.T,TSE
3284.T,TSE
3286.T,TSE
3288.T,TSE
3289.T,TSE
3291.T,TSE
3293.T,TSE
3294.T,TSE
3297.T,TSE
3299.T,TSE
3300.T,TSE
3302.T,TSE
3306.T,TSE
330A.T,TSE
3315.T,TSE
3317.T,TSE
331A.T,TSE
3320.T,TSE
3321.T,TSE
3323.T,TSE
3326.T,TSE
3329.T,TSE
332A.T,TSE
3333.T,TSE
3341.T,TSE
3349.T,TSE
334A.T,TSE
3350.T,TSE
3352.T,TSE
3353.T,TSE
3355.T,TSE
3358.T,TSE
3359.T,TSE
335A.T,TSE
3360.T,TSE
3361.T,TSE
336A.T,TSE
3370.T,TSE
3371.T,TSE
3372.T,TSE
3374.T,TSE
3375.T,TSE
3377.T,TSE
3382.T,TSE
3386.T,TSE
3387.T,TSE
3388.T,TSE
338A.T,TSE
3391.T,TSE
3392.T,TSE
3393.T,TSE
3395.T,TSE
3396.T,TSE
3397.T,TSE
3399.T,TSE
339A.T,TSE
3401.T,TSE
3402.T,TSE
3405.T,TSE
3407.T,TSE
3409.T,TSE
340A.T,TSE
3415.T,TSE
3416.T,TSE
3417.T,TSE
3418.T,TSE
341A.T,TSE
3420.T,TSE
3421.T,TSE
3422.T,TSE
3423.T,TSE
3426.T,TSE
3431.T,TSE
3433.T,TSE
3434.T,TSE
3435.T,TSE
3436.T,TSE
3437.T,TSE
3439.T,TSE
343A.T,TSE
3440.T,TSE
3441.T,TSE
3443.T,TSE
3444.T,TSE
3445.T,TSE
3446.T,TSE
3447.T,TSE
3449.T,TSE
3452.T,TSE
3454.T,TSE
3457.T,TSE
3461.T,TSE
3465.T,TSE
3467.T,TSE
3469.T,TSE
3474.T,TSE
3475.T,TSE
3477.T,TSE
3479.T,TSE
3480.T,TSE
3482.T,TSE
3484.T,TSE
3486.T,TSE
3489.T,TSE
3490.T,TSE
3491.T,TSE
3494.T,TSE
3495.T,TSE
3496.T,TSE
3498.T,TSE
3501.T,TSE
350A.T,TSE
3512.T,TSE
3513.T,TSE
3521.T,TSE
3524.T,TSE
3526.T,TSE
3529.T,TSE
352A.T,TSE
3536.T,TSE
3537.T,TSE
3538.T,TSE
3539.T,TSE
3540.T,TSE
3541.T,TSE
3542.T,TSE
3543.T,TSE
3544.T,TSE
3546.T,TSE
3547.T,TSE
3548.T,TSE
3549.T,TSE
3550.T,TSE
3551.T,TSE
3553.T,TSE
3556.T,TSE
3557.T,TSE
3558.T,TSE
3559.T,TSE
3560.T,TSE
3561.T,TSE
3562.T,TSE
3563.T,TSE
3565.T,TSE
3566.T,TSE
3569.T,TSE
3571.T,TSE
3577.T,TSE
3580.T,TSE
3583.T,TSE
3591.T,TSE
3593.T,TSE
3597.T,TSE
3598.T,TSE
3600.T,TSE
3607.T,TSE
3608.T,TSE
3611.T,TSE
3612.T,TSE
3622.T,TSE
3623.T,TSE
3624.T,TSE
3625.T,TSE
3626.T,TSE
3627.T,TSE
3628.T,TSE
3632.T,TSE
3633.T,TSE
3634.T,TSE
3635.T,TSE
3636.T,TSE
3639.T,TSE
3640.T,TSE
3641.T,TSE
3645.T,TSE
3646.T,TSE
3647.T,TSE
3648.T,TSE
3649.T,TSE
3652.T,TSE
3653.T,TSE
3655.T,TSE
3656.T,TSE
3657.T,TSE
3659.T,TSE
365A.T,TSE
3660.T,TSE
3661.T,TSE
3662.T,TSE
3663.T,TSE
3664.T,TSE
3665.T,TSE
3667.T,TSE
3668.T,TSE
366A.T,TSE
3670.T,TSE
3671.T,TSE
3672.T,TSE
3673.T,TSE
3674.T,TSE
3675.T,TSE
3676.T,TSE
3678.T,TSE
3679.T,TSE
367A.T,TSE
3680.T,TSE
3681.T,TSE
3682.T,TSE
3683.T,TSE
3686.T,TSE
3687.T,TSE
3688.T,TSE
368A.T,TSE
3690.T,TSE
3691.T,TSE
3692.T,TSE
3694.T,TSE
3695.T,TSE
3696.T,TSE
3697.T,TSE
3698.T,TSE
369A.T,TSE
3708.T,TSE
3710.T,TSE
3712.T,TSE
3719.T,TSE
3723.T,TSE
3726.T,TSE
3727.T,TSE
372A.T,TSE
3733.T,TSE
373A.T,TSE
3741.T,TSE
3744.T,TSE
3747.T,TSE
3750.T,TSE
3753.T,TSE
3758.T,TSE
3760.T,TSE
3762.T,TSE
3763.T,TSE
3765.T,TSE
3766.T,TSE
3768.T,TSE
3769.T,TSE
3771.T,TSE
3772.T,TSE
3773.T,TSE
3774.T,TSE
3776.T,TSE
3777.T,TSE
3778.T,TSE
3779.T,TSE
3787.T,TSE
3788.T,TSE
378A.T,TSE
3791.T,TSE
3793.T,TSE
3796.T,TSE
3798.T,TSE
3799.T,TSE
3800.T,TSE
3802.T,TSE
3803.T,TSE
3804.T,TSE
3807.T,TSE
3810.T,TSE
3815.T,TSE
3816.T,TSE
3817.T,TSE
3823.T,TSE
3825.T,TSE
3826.T,TSE
3834.T,TSE
3835.T,TSE
3836.T,TSE
3837.T,TSE
3839.T,TSE
3840.T,TSE
3841.T,TSE
3842.T,TSE
3843.T,TSE
3844.T,TSE
3845.T,TSE
3848.T,TSE
3850.T,TSE
3851.T,TSE
3853.T,TSE
3854.T,TSE
3856.T,TSE
3858.T,TSE
3861.T,TSE
3863.T,TSE
3864.T,TSE
3865.T,TSE
386A.T,TSE
3877.T,TSE
3878.T,TSE
387A.T,TSE
3880.T,TSE
3891.T,TSE
3892.T,TSE
3895.T,TSE
3896.T,TSE
3900.T,TSE
3901.T,TSE
3902.T,TSE
3903.T,TSE
3904.T,TSE
3905.T,TSE
3907.T,TSE
3908.T,TSE
3909.T,TSE
3910.T,TSE
3911.T,TSE
3912.T,TSE
3913.T,TSE
3914.T,TSE
3915.T,TSE
3916.T,TSE
3917.T,TSE
3918.T,TSE
3920.T,TSE
3921.T,TSE
3922.T,TSE
3923.T,TSE
3924.T,TSE
3925.T,TSE
3926.T,TSE
3927.T,TSE
3928.T,TSE
3929.T,TSE
3930.T,TSE
3931.T,TSE
3932.T,TSE
3933.T,TSE
3934.T,TSE
3935.T,TSE
3936.T,TSE
3937.T,TSE
3939.T,TSE
3940.T,TSE
3941.T,TSE
3943.T,TSE
3944.T,TSE
3945.T,TSE
3946.T,TSE
3947.T,TSE
3948.T,TSE
3950.T,TSE
3951.T,TSE
3953.T,TSE
3954.T,TSE
3955.T,TSE
3958.T,TSE
3961.T,TSE
3962.T,TSE
3963.T,TSE
3964.T,TSE
3965.T,TSE
3967.T,TSE
3968.T,TSE
3969.T,TSE
3970.T,TSE
3974.T,TSE
3976.T,TSE
3979.T,TSE
3981.T,TSE
3983.T,TSE
3984.T,TSE
3985.T,TSE
3986.T,TSE
3987.T,TSE
3988.T,TSE
3989.T,TSE
3991.T,TSE
3992.T,TSE
3993.T,TSE
3994.T,TSE
3996.T,TSE
3997.T,TSE
3998.T,TSE
4004.T,TSE
4005.T,TSE
4008.T,TSE
4011.T,TSE
4012.T,TSE
4013.T,TSE
4014.T,TSE
4015.T,TSE
4016.T,TSE
4017.T,TSE
4019.T,TSE
4020.T,TSE
4021.T,TSE
4022.T,TSE
4023.T,TSE
4025.T,TSE
4026.T,TSE
4027.T,TSE
4028.T,TSE
402A.T,TSE
4031.T,TSE
4040.T,TSE
4041.T,TSE
4042.T,TSE
4043.T,TSE
4044.T,TSE
4045.T,TSE
4046.T,TSE
4047.T,TSE
4051.T,TSE
4052.T,TSE
4053.T,TSE
4054.T,TSE
4055.T,TSE
4056.T,TSE
4057.T,TSE
4058.T,TSE
4059.T,TSE
4060.T,TSE
4061.T,TSE
4062.T,TSE
4063.T,TSE
4064.T,TSE
4068.T,TSE
4069.T,TSE
4071.T,TSE
4072.T,TSE
4073.T,TSE
4074.T,TSE
4075.T,TSE
4076.T,TSE
4078.T,TSE
407A.T,TSE
4080.T,TSE
4082.T,TSE
4088.T,TSE
4091.T,TSE
4092.T,TSE
4093.T,TSE
4094.T,TSE
4095.T,TSE
4097.T,TSE
4098.T,TSE
4099.T,TSE
409A.T,TSE
4100.T,TSE
4102.T,TSE
4107.T,TSE
4109.T,TSE
410A.T,TSE
4112.T,TSE
4113.T,TSE
4114.T,TSE
4116.T,TSE
4118.T,TSE
4119.T,TSE
4120.T,TSE
4124.T,TSE
4125.T,TSE
414A.T,TSE
4151.T,TSE
415A.T,TSE
4165.T,TSE
4166.T,TSE
4167.T,TSE
4168.T,TSE
4169.T,TSE
416A.T,TSE
4170.T,TSE
4171.T,TSE
4172.T,TSE
4174.T,TSE
4175.T,TSE
4176.T,TSE
4177.T,TSE
4178.T,TSE
4179.T,TSE
417A.T,TSE
4180.T,TSE
4182.T,TSE
4183.T,TSE
4186.T,TSE
4187.T,TSE
4188.T,TSE
4189.T,TSE
4192.T,TSE
4193.T,TSE
4194.T,TSE
4196.T,TSE
4197.T,TSE
4198.T,TSE
4199.T,TSE
4202.T,TSE
4203.T,TSE
4204.T,TSE
4205.T,TSE
4206.T,TSE
4208.T,TSE
4212.T,TSE
4216.T,TSE
4218.T,TSE
421A.T,TSE
4220.T,TSE
4221.T,TSE
4222.T,TSE
4224.T,TSE
4228.T,TSE
4229.T,TSE
4231.T,TSE
4234.T,TSE
4235.T,TSE
4237.T,TSE
4238.T,TSE
423A.T,TSE
4240.T,TSE
4241.T,TSE
4242.T,TSE
4243.T,TSE
4245.T,TSE
4246.T,TSE
4247.T,TSE
4248.T,TSE
4249.T,TSE
4251.T,TSE
4255.T,TSE
4256.T,TSE
4258.T,TSE
4259.T,TSE
4260.T,TSE
4261.T,TSE
4262.T,TSE
4263.T,TSE
4264.T,TSE
4265.T,TSE
4270.T,TSE
4272.T,TSE
4274.T,TSE
4275.T,TSE
4284.T,TSE
4286.T,TSE
4287.T,TSE
4288.T,TSE
428A.T,TSE
4290.T,TSE
4293.T,TSE
4299.T,TSE
429A.T,TSE
4301.T,TSE
4307.T,TSE
4308.T,TSE
4310.T,TSE
4316.T,TSE
4317.T,TSE
4318.T,TSE
4319.T,TSE
431A.T,TSE
4320.T,TSE
4323.T,TSE
4324.T,TSE
4326.T,TSE
4331.T,TSE
4333.T,TSE
4334.T,TSE
4335.T,TSE
4337.T,TSE
4341.T,TSE
4343.T,TSE
4344.T,TSE
4345.T,TSE
4346.T,TSE
4347.T,TSE
4350.T,TSE
4351.T,TSE
4356.T,TSE
4360.T,TSE
4361.T,TSE
4362.T,TSE
4365.T,TSE
4366.T,TSE
4367.T,TSE
4368.T,TSE
4369.T,TSE
436A.T,TSE
4370.T,TSE
4371.T,TSE
4372.T,TSE
4373.T,TSE
4374.T,TSE
4375.T,TSE
4376.T,TSE
4377.T,TSE
4378.T,TSE
4379.T,TSE
4380.T,TSE
4381.T,TSE
4382.T,TSE
4384.T,TSE
4385.T,TSE
4386.T,TSE
4387.T,TSE
4388.T,TSE
4389.T,TSE
438A.T,TSE
4390.T,TSE
4391.T,TSE
4392.T,TSE
4393.T,TSE
4394.T,TSE
4395.T,TSE
4396.T,TSE
4397.T,TSE
4398.T,TSE
4401.T,TSE
4403.T,TSE
4404.T,TSE
4406.T,TSE
4409.T,TSE
4410.T,TSE
4412.T,TSE
4413.T,TSE
4414.T,TSE
4415.T,TSE
4416.T,TSE
4417.T,TSE
4418.T,TSE
4419.T,TSE
441A.T,TSE
4420.T,TSE
4421.T,TSE
4422.T,TSE
4424.T,TSE
4425.T,TSE
4427.T,TSE
4428.T,TSE
4429.T,TSE
442A.T,TSE
4430.T,TSE
4431.T,TSE
4432.T,TSE
4433.T,TSE
4434.T,TSE
4436.T,TSE
4437.T,TSE
4438.T,TSE
4439.T,TSE
4440.T,TSE
4441.T,TSE
4442.T,TSE
4443.T,TSE
4444.T,TSE
4445.T,TSE
4446.T,TSE
4447.T,TSE
4448.T,TSE
4449.T,TSE
4450.T,TSE
4452.T,TSE
4461.T,TSE
4462.T,TSE
4463.T,TSE
4464.T,TSE
4465.T,TSE
446A.T,TSE
4471.T,TSE
4475.T,TSE
4476.T,TSE
4477.T,TSE
4478.T,TSE
4479.T,TSE
4480.T,TSE
4481.T,TSE
4482.T,TSE
4483.T,TSE
4484.T,TSE
4486.T,TSE
4487.T,TSE
4488.T,TSE
4490.T,TSE
4491.T,TSE
4492.T,TSE
4493.T,TSE
4494.T,TSE
4495.T,TSE
4496.T,TSE
4498.T,TSE
4499.T,TSE
4502.T,TSE
4503.T,TSE
4506.T,TSE
4507.T,TSE
4512.T,TSE
4516.T,TSE
4519.T,TSE
4521.T,TSE
4523.T,TSE
4524.T,TSE
4526.T,TSE
4527.T,TSE
4528.T,TSE
4530.T,TSE
4531.T,TSE
4534.T,TSE
4536.T,TSE
4538.T,TSE
4539.T,TSE
4540.T,TSE
4543.T,TSE
4544.T,TSE
4547.T,TSE
4548.T,TSE
4549.T,TSE
4552.T,TSE
4553.T,TSE
4554.T,TSE
4556.T,TSE
4558.T,TSE
4559.T,TSE
4563.T,TSE
4564.T,TSE
4565.T,TSE
4568.T,TSE
4569.T,TSE
456A.T,TSE
4570.T,TSE
4571.T,TSE
4572.T,TSE
4574.T,TSE
4575.T,TSE
4576.T,TSE
4577.T,TSE
4578.T,TSE
4579.T,TSE
4582.T,TSE
4583.T,TSE
4584.T,TSE
4586.T,TSE
4587.T,TSE
4588.T,TSE
4591.T,TSE
4592.T,TSE
4593.T,TSE
4594.T,TSE
4595.T,TSE
4596.T,TSE
4597.T,TSE
4598.T,TSE
4599.T,TSE
4611.T,TSE
4612.T,TSE
4613.T,TSE
4615.T,TSE
4616.T,TSE
4617.T,TSE
4619.T,TSE
4620.T,TSE
4623.T,TSE
4624.T,TSE
4625.T,TSE
4626.T,TSE
4627.T,TSE
4628.T,TSE
4629.T,TSE
4631.T,TSE
4633.T,TSE
4634.T,TSE
4635.T,TSE
4641.T,TSE
4642.T,TSE
4644.T,TSE
4645.T,TSE
4650.T,TSE
4651.T,TSE
4657.T,TSE
4658.T,TSE
4659.T,TSE
4661.T,TSE
4662.T,TSE
4664.T,TSE
4665.T,TSE
4666.T,TSE
4667.T,TSE
4668.T,TSE
4671.T,TSE
4673.T,TSE
4674.T,TSE
4676.T,TSE
4678.T,TSE
4679.T,TSE
4680.T,TSE
4681.T,TSE
4684.T,TSE
4685.T,TSE
4686.T,TSE
4687.T,TSE
4689.T,TSE
4690.T,TSE
4691.T,TSE
4694.T,TSE
4704.T,TSE
4705.T,TSE
4707.T,TSE
4709.T,TSE
4712.T,TSE
4714.T,TSE
4716.T,TSE
4718.T,TSE
4719.T,TSE
4720.T,TSE
4722.T,TSE
4725.T,TSE
4728.T,TSE
4732.T,TSE
4733.T,TSE
4735.T,TSE
4736.T,TSE
4743.T,TSE
4745.T,TSE
4746.T,TSE
4750.T,TSE
4751.T,TSE
4752.T,TSE
4754.T,TSE
4755.T,TSE
4760.T,TSE
4761.T,TSE
4762.T,TSE
4763.T,TSE
4765.T,TSE
4766.T,TSE
4767.T,TSE
4768.T,TSE
4769.T,TSE
4771.T,TSE
4772.T,TSE
4776.T,TSE
4777.T,TSE
4783.T,TSE
4784.T,TSE
4792.T,TSE
4800.T,TSE
4801.T,TSE
4809.T,TSE
4811.T,TSE
4812.T,TSE
4813.T,TSE
4814.T,TSE
4816.T,TSE
4819.T,TSE
4820.T,TSE
4825.T,TSE
4826.T,TSE
4828.T,TSE
4829.T,TSE
4832.T,TSE
4833.T,TSE
4838.T,TSE
4839.T,TSE
4840.T,TSE
4845.T,TSE
4847.T,TSE
4848.T,TSE
4849.T,TSE
4880.T,TSE
4881.T,TSE
4882.T,TSE
4883.T,TSE
4884.T,TSE
4885.T,TSE
4886.T,TSE
4887.T,TSE
4888.T,TSE
4889.T,TSE
4890.T,TSE
4891.T,TSE
4892.T,TSE
4893.T,TSE
4894.T,TSE
4896.T,TSE
4901.T,TSE
4902.T,TSE
4911.T,TSE
4912.T,TSE
4914.T,TSE
4917.T,TSE
4918.T,TSE
4919.T,TSE
4920.T,TSE
4922.T,TSE
4923.T,TSE
4925.T,TSE
4926.T,TSE
4927.T,TSE
4928.T,TSE
4929.T,TSE
4931.T,TSE
4932.T,TSE
4933.T,TSE
4934.T,TSE
4935.T,TSE
4936.T,TSE
4937.T,TSE
4951.T,TSE
4956.T,TSE
4957.T,TSE
4958.T,TSE
4960.T,TSE
4966.T,TSE
4967.T,TSE
4968.T,TSE
4970.T,TSE
4971.T,TSE
4972.T,TSE
4973.T,TSE
4974.T,TSE
4975.T,TSE
4976.T,TSE
4977.T,TSE
4978.T,TSE
4979.T,TSE
4980.T,TSE
4985.T,TSE
4990.T,TSE
4992.T,TSE
4994.T,TSE
4996.T,TSE
4997.T,TSE
4998.T,TSE
5010.T,TSE
5011.T,TSE
5013.T,TSE
5015.T,TSE
5016.T,TSE
5017.T,TSE
5018.T,TSE
5019.T,TSE
5020.T,TSE
5021.T,TSE
5025.T,TSE
5026.T,TSE
5027.T,TSE
5028.T,TSE
5029.T,TSE
5031.T,TSE
5032.T,TSE
5033.T,TSE
5034.T,TSE
5035.T,TSE
5036.T,TSE
5038.T,TSE
5070.T,TSE
5071.T,TSE
5074.T,TSE
5076.T,TSE
50765.T,TSE
5078.T,TSE
5079.T,TSE
5101.T,TSE
5103.T,TSE
5105.T,TSE
5108.T,TSE
5110.T,TSE
5121.T,TSE
5122.T,TSE
5125.T,TSE
5126.T,TSE
5129.T,TSE
5131.T,TSE
5132.T,TSE
5133.T,TSE
5134.T,TSE
5136.T,TSE
5137.T,TSE
5138.T,TSE
5139.T,TSE
5142.T,TSE
5161.T,TSE
5162.T,TSE
5184.T,TSE
5185.T,TSE
5186.T,TSE
5187.T,TSE
5189.T,TSE
5191.T,TSE
5192.T,TSE
5194.T,TSE
5195.T,TSE
5199.T,TSE
5201.T,TSE
5202.T,TSE
5204.T,TSE
5208.T,TSE
5210.T,TSE
5214.T,TSE
5216.T,TSE
5218.T,TSE
5232.T,TSE
5233.T,TSE
5237.T,TSE
5240.T,TSE
5242.T,TSE
5243.T,TSE
5244.T,TSE
5246.T,TSE
5247.T,TSE
5248.T,TSE
5250.T,TSE
5252.T,TSE
5253.T,TSE
5254.T,TSE
5255.T,TSE
5256.T,TSE
5257.T,TSE
5258.T,TSE
5259.T,TSE
5261.T,TSE
5262.T,TSE
5268.T,TSE
5269.T,TSE
5271.T,TSE
5273.T,TSE
5279.T,TSE
5280.T,TSE
5282.T,TSE
5283.T,TSE
5284.T,TSE
5285.T,TSE
5287.T,TSE
5288.T,TSE
5290.T,TSE
5301.T,TSE
5302.T,TSE
5304.T,TSE
5310.T,TSE
5331.T,TSE
5332.T,TSE
5333.T,TSE
5334.T,TSE
5337.T,TSE
5341.T,TSE
5344.T,TSE
5351.T,TSE
5352.T,TSE
5355.T,TSE
5356.T,TSE
5357.T,TSE
5363.T,TSE
5367.T,TSE
5368.T,TSE
5380.T,TSE
5381.T,TSE
5384.T,TSE
5386.T,TSE
5388.T,TSE
5391.T,TSE
5393.T,TSE
5401.T,TSE
5406.T,TSE
5408.T,TSE
5410.T,TSE
5411.T,TSE
5423.T,TSE
5440.T,TSE
5444.T,TSE
5445.T,TSE
5446.T,TSE
5449.T,TSE
5451.T,TSE
5458.T,TSE
5461.T,TSE
5463.T,TSE
5464.T,TSE
5471.T,TSE
5476.T,TSE
5480.T,TSE
5482.T,TSE
5484.T,TSE
5491.T,TSE
5527.T,TSE
5532.T,TSE
5533.T,TSE
5535.T,TSE
5541.T,TSE
5542.T,TSE
5563.T,TSE
5570.T,TSE
5571.T,TSE
5572.T,TSE
5574.T,TSE
5575.T,TSE
5576.T,TSE
5578.T,TSE
5580.T,TSE
5582.T,TSE
5586.T,TSE
5587.T,TSE
5588.T,TSE
5589.T,TSE
5590.T,TSE
5591.T,TSE
5592.T,TSE
5596.T,TSE
5597.T,TSE
5599.T,TSE
5602.T,TSE
5603.T,TSE
5609.T,TSE
5612.T,TSE
5616.T,TSE
5618.T,TSE
5619.T,TSE
5621.T,TSE
5631.T,TSE
5632.T,TSE
5644.T,TSE
5658.T,TSE
5659.T,TSE
5660.T,TSE
5695.T,TSE
5697.T,TSE
5698.T,TSE
5699.T,TSE
5702.T,TSE
5703.T,TSE
5704.T,TSE
5706.T,TSE
5707.T,TSE
5711.T,TSE
5713.T,TSE
5714.T,TSE
5715.T,TSE
5721.T,TSE
5724.T,TSE
5726.T,TSE
5727.T,TSE
5729.T,TSE
5741.T,TSE
5742.T,TSE
5753.T,TSE
5757.T,TSE
5801.T,TSE
5802.T,TSE
5803.T,TSE
5805.T,TSE
5816.T,TSE
5817.T,TSE
5819.T,TSE
5820.T,TSE
5821.T,TSE
5830.T,TSE
5831.T,TSE
5832.T,TSE
5834.T,TSE
5838.T,TSE
5842.T,TSE
5843.T,TSE
5844.T,TSE
5845.T,TSE
5851.T,TSE
5852.T,TSE
5856.T,TSE
5857.T,TSE
5858.T,TSE
5867.T,TSE
5868.T,TSE
5869.T,TSE
5870.T,TSE
5871.T,TSE
5884.T,TSE
5885.T,TSE
5888.T,TSE
5889.T,TSE
5891.T,TSE
5892.T,TSE
5900.T,TSE
5901.T,TSE
5902.T,TSE
5903.T,TSE
5905.T,TSE
5906.T,TSE
5909.T,TSE
5911.T,TSE
5915.T,TSE
5918.T,TSE
5921.T,TSE
5922.T,TSE
5923.T,TSE
5928.T,TSE
5929.T,TSE
5930.T,TSE
5932.T,TSE
5933.T,TSE
5936.T,TSE
5938.T,TSE
5939.T,TSE
5940.T,TSE
5941.T,TSE
5942.T,TSE
5943.T,TSE
5945.T,TSE
5946.T,TSE
5947.T,TSE
5949.T,TSE
5950.T,TSE
5951.T,TSE
5952.T,TSE
5955.T,TSE
5956.T,TSE
5957.T,TSE
5958.T,TSE
5959.T,TSE
5962.T,TSE
5965.T,TSE
5966.T,TSE
5967.T,TSE
5969.T,TSE
5970.T,TSE
5971.T,TSE
5973.T,TSE
5974.T,TSE
5975.T,TSE
5976.T,TSE
5981.T,TSE
5982.T,TSE
5983.T,TSE
5984.T,TSE
5985.T,TSE
5986.T,TSE
5987.T,TSE
5988.T,TSE
5989.T,TSE
5990.T,TSE
5991.T,TSE
5992.T,TSE
5994.T,TSE
5997.T,TSE
5998.T,TSE
6005.T,TSE
6013.T,TSE
6016.T,TSE
6018.T,TSE
6022.T,TSE
6023.T,TSE
6027.T,TSE
6028.T,TSE
6029.T,TSE
6030.T,TSE
6031.T,TSE
6033.T,TSE
6034.T,TSE
6035.T,TSE
6036.T,TSE
6037.T,TSE
6038.T,TSE
6039.T,TSE
6040.T,TSE
6042.T,TSE
6044.T,TSE
6045.T,TSE
6046.T,TSE
6047.T,TSE
6049.T,TSE
6050.T,TSE
6054.T,TSE
6055.T,TSE
6058.T,TSE
6059.T,TSE
6060.T,TSE
6061.T,TSE
6062.T,TSE
6063.T,TSE
6069.T,TSE
6070.T,TSE
6071.T,TSE
6072.T,TSE
6073.T,TSE
6074.T,TSE
6078.T,TSE
6080.T,TSE
6081.T,TSE
6082.T,TSE
6083.T,TSE
6085.T,TSE
6086.T,TSE
6087.T,TSE
6088.T,TSE
6089.T,TSE
6090.T,TSE
6091.T,TSE
6092.T,TSE
6093.T,TSE
6094.T,TSE
6096.T,TSE
6098.T,TSE
6099.T,TSE
6101.T,TSE
6103.T,TSE
6104.T,TSE
6113.T,TSE
6118.T,TSE
6125.T,TSE
6134.T,TSE
6135.T,TSE
6136.T,TSE
6137.T,TSE
6138.T,TSE
6140.T,TSE
6141.T,TSE
6143.T,TSE
6144.T,TSE
6145.T,TSE
6146.T,TSE
6147.T,TSE
6149.T,TSE
6150.T,TSE
6151.T,TSE
6155.T,TSE
6156.T,TSE
6157.T,TSE
6158.T,TSE
6159.T,TSE
6161.T,TSE
6165.T,TSE
6166.T,TSE
6167.T,TSE
6171.T,TSE
6173.T,TSE
6176.T,TSE
6177.T,TSE
6178.T,TSE
6180.T,TSE
6181.T,TSE
6182.T,TSE
6183.T,TSE
6184.T,TSE
6185.T,TSE
6186.T,TSE
6189.T,TSE
6190.T,TSE
6191.T,TSE
6193.T,TSE
6194.T,TSE
6195.T,TSE
6196.T,TSE
6197.T,TSE
6198.T,TSE
6199.T,TSE
6200.T,TSE
6201.T,TSE
6203.T,TSE
6208.T,TSE
6209.T,TSE
6210.T,TSE
6217.T,TSE
6218.T,TSE
6222.T,TSE
6223.T,TSE
6224.T,TSE
6226.T,TSE
6227.T,TSE
6228.T,TSE
6229.T,TSE
6230.T,TSE
6231.T,TSE
6232.T,TSE
6233.T,TSE
6235.T,TSE
6237.T,TSE
6238.T,TSE
6239.T,TSE
6240.T,TSE
6245.T,TSE
6246.T,TSE
6247.T,TSE
6248.T,TSE
6249.T,TSE
6250.T,TSE
6254.T,TSE
6255.T,TSE
6257.T,TSE
6258.T,TSE
6262.T,TSE
6264.T,TSE
6265.T,TSE
6266.T,TSE
6267.T,TSE
6268.T,TSE
6269.T,TSE
6272.T,TSE
6273.T,TSE
6276.T,TSE
6277.T,TSE
6278.T,TSE
6279.T,TSE
6282.T,TSE
6284.T,TSE
6286.T,TSE
6287.T,TSE
6289.T,TSE
6291.T,TSE
6292.T,TSE
6293.T,TSE
6294.T,TSE
6298.T,TSE
6301.T,TSE
6302.T,TSE
6305.T,TSE
6306.T,TSE
6307.T,TSE
6309.T,TSE
6310.T,TSE
6312.T,TSE
6315.T,TSE
6316.T,TSE
6317.T,TSE
6322.T,TSE
6323.T,TSE
6324.T,TSE
6325.T,TSE
6326.T,TSE
6327.T,TSE
6328.T,TSE
6330.T,TSE
6331.T,TSE
6332.T,TSE
6333.T,TSE
6334.T,TSE
6335.T,TSE
6336.T,TSE
6337.T,TSE
6338.T,TSE
6339.T,TSE
6340.T,TSE
6342.T,TSE
6343.T,TSE
6345.T,TSE
6346.T,TSE
6347.T,TSE
6349.T,TSE
6351.T,TSE
6356.T,TSE
6357.T,TSE
6358.T,TSE
6360.T,TSE
6361.T,TSE
6363.T,TSE
6364.T,TSE
6365.T,TSE
6366.T,TSE
6367.T,TSE
6368.T,TSE
6369.T,TSE
6370.T,TSE
6371.T,TSE
6373.T,TSE
6376.T,TSE
6378.T,TSE
6379.T,TSE
6380.T,TSE
6381.T,TSE
6382.T,TSE
6383.T,TSE
6384.T,TSE
6387.T,TSE
6390.T,TSE
6391.T,TSE
6392.T,TSE
6393.T,TSE
6395.T,TSE
6396.T,TSE
6400.T,TSE
6402.T,TSE
6403.T,TSE
6405.T,TSE
6406.T,TSE
6407.T,TSE
6408.T,TSE
6412.T,TSE
6413.T,TSE
6417.T,TSE
6418.T,TSE
6419.T,TSE
6420.T,TSE
6424.T,TSE
6425.T,TSE
6428.T,TSE
6430.T,TSE
6432.T,TSE
6433.T,TSE
6436.T,TSE
6440.T,TSE
6444.T,TSE
6445.T,TSE
6448.T,TSE
6454.T,TSE
6455.T,TSE
6457.T,TSE
6458.T,TSE
6459.T,TSE
6460.T,TSE
6463.T,TSE
6464.T,TSE
6465.T,TSE
6466.T,TSE
6467.T,TSE
6469.T,TSE
6470.T,TSE
6471.T,TSE
6472.T,TSE
6473.T,TSE
6474.T,TSE
6479.T,TSE
6480.T,TSE
6481.T,TSE
6482.T,TSE
6484.T,TSE
6485.T,TSE
6486.T,TSE
6488.T,TSE
6489.T,TSE
6490.T,TSE
6492.T,TSE
6493.T,TSE
6494.T,TSE
6495.T,TSE
6496.T,TSE
6497.T,TSE
6498.T,TSE
6501.T,TSE
6503.T,TSE
6504.T,TSE
6505.T,TSE
6506.T,TSE
6507.T,TSE
6508.T,TSE
6513.T,TSE
6516.T,TSE
6517.T,TSE
6518.T,TSE
6521.T,TSE
6522.T,TSE
6523.T,TSE
6524.T,TSE
6525.T,TSE
6526.T,TSE
6532.T,TSE
6533.T,TSE
6535.T,TSE
6537.T,TSE
6538.T,TSE
6539.T,TSE
6540.T,TSE
6542.T,TSE
6543.T,TSE
6544.T,TSE
6545.T,TSE
6546.T,TSE
6547.T,TSE
6548.T,TSE
6549.T,TSE
6551.T,TSE
6552.T,TSE
6554.T,TSE
6555.T,TSE
6557.T,TSE
6558.T,TSE
6560.T,TSE
6561.T,TSE
6562.T,TSE
6563.T,TSE
6564.T,TSE
6565.T,TSE
6566.T,TSE
6568.T,TSE
6570.T,TSE
6571.T,TSE
6572.T,TSE
6573.T,TSE
6574.T,TSE
6577.T,TSE
6578.T,TSE
6579.T,TSE
6580.T,TSE
6584.T,TSE
6586.T,TSE
6588.T,TSE
6590.T,TSE
6592.T,TSE
6594.T,TSE
6597.T,TSE
6599.T,TSE
6612.T,TSE
6613.T,TSE
6614.T,TSE
6615.T,TSE
6616.T,TSE
6617.T,TSE
6619.T,TSE
6620.T,TSE
6622.T,TSE
6625.T,TSE
6626.T,TSE
6627.T,TSE
6629.T,TSE
6630.T,TSE
6632.T,TSE
6633.T,TSE
6634.T,TSE
6635.T,TSE
6637.T,TSE
6638.T,TSE
6643.T,TSE
6644.T,TSE
6645.T,TSE
6647.T,TSE
6648.T,TSE
6651.T,TSE
6652.T,TSE
6653.T,TSE
6654.T,TSE
6656.T,TSE
6658.T,TSE
6659.T,TSE
6662.T,TSE
6663.T,TSE
6664.T,TSE
6666.T,TSE
6668.T,TSE
6670.T,TSE
6674.T,TSE
6675.T,TSE
6676.T,TSE
6677.T,TSE
6678.T,TSE
6694.T,TSE
6696.T,TSE
6699.T,TSE
6701.T,TSE
6702.T,TSE
6703.T,TSE
6706.T,TSE
6707.T,TSE
6718.T,TSE
6721.T,TSE
6723.T,TSE
6724.T,TSE
6727.T,TSE
6728.T,TSE
6730.T,TSE
6731.T,TSE
6734.T,TSE
6736.T,TSE
6737.T,TSE
6740.T,TSE
6741.T,TSE
6742.T,TSE
6743.T,TSE
6744.T,TSE
6745.T,TSE
6748.T,TSE
6750.T,TSE
6752.T,TSE
6753.T,TSE
6754.T,TSE
6757.T,TSE
6758.T,TSE
6762.T,TSE
6763.T,TSE
6768.T,TSE
6769.T,TSE
6770.T,TSE
6771.T,TSE
6772.T,TSE
6775.T,TSE
6776.T,TSE
6777.T,TSE
6778.T,TSE
6779.T,TSE
6785.T,TSE
6786.T,TSE
6787.T,TSE
6788.T,TSE
6794.T,TSE
6797.T,TSE
6798.T,TSE
6800.T,TSE
6803.T,TSE
6804.T,TSE
6806.T,TSE
6807.T,TSE
6809.T,TSE
6810.T,TSE
6814.T,TSE
6817.T,TSE
6819.T,TSE
6820.T,TSE
6822.T,TSE
6823.T,TSE
6824.T,TSE
6832.T,TSE
6834.T,TSE
6835.T,TSE
6836.T,TSE
6837.T,TSE
6838.T,TSE
6840.T,TSE
6841.T,TSE
6844.T,TSE
6845.T,TSE
6848.T,TSE
6849.T,TSE
6850.T,TSE
6853.T,TSE
6855.T,TSE
6856.T,TSE
6857.T,TSE
6858.T,TSE
6859.T,TSE
6861.T,TSE
6862.T,TSE
6863.T,TSE
6864.T,TSE
6866.T,TSE
6867.T,TSE
6869.T,TSE
6870.T,TSE
6871.T,TSE
6874.T,TSE
6875.T,TSE
6877.T,TSE
6882.T,TSE
6888.T,TSE
6890.T,TSE
6894.T,TSE
6897.T,TSE
6898.T,TSE
6899.T,TSE
6901.T,TSE
6902.T,TSE
6904.T,TSE
6905.T,TSE
6907.T,TSE
6908.T,TSE
6912.T,TSE
6914.T,TSE
6915.T,TSE
6918.T,TSE
6919.T,TSE
6920.T,TSE
6923.T,TSE
6925.T,TSE
6926.T,TSE
6927.T,TSE
6928.T,TSE
6929.T,TSE
6932.T,TSE
6937.T,TSE
6941.T,TSE
6942.T,TSE
6943.T,TSE
6946.T,TSE
6947.T,TSE
6951.T,TSE
6952.T,TSE
6954.T,TSE
6955.T,TSE
6957.T,TSE
6958.T,TSE
6960.T,TSE
6961.T,TSE
6962.T,TSE
6963.T,TSE
6964.T,TSE
6965.T,TSE
6966.T,TSE
6969.T,TSE
6971.T,TSE
6976.T,TSE
6977.T,TSE
6981.T,TSE
6982.T,TSE
6986.T,TSE
6988.T,TSE
6989.T,TSE
6993.T,TSE
6994.T,TSE
6995.T,TSE
6996.T,TSE
6997.T,TSE
6998.T,TSE
6999.T,TSE
7003.T,TSE
7004.T,TSE
7011.T,TSE
7012.T,TSE
7013.T,TSE
7014.T,TSE
7018.T,TSE
7021.T,TSE
7022.T,TSE
7030.T,TSE
7031.T,TSE
7033.T,TSE
7034.T,TSE
7035.T,TSE
7036.T,TSE
7037.T,TSE
7038.T,TSE
7039.T,TSE
7040.T,TSE
7041.T,TSE
7042.T,TSE
7043.T,TSE
7044.T,TSE
7046.T,TSE
7047.T,TSE
7048.T,TSE
7049.T,TSE
7050.T,TSE
7057.T,TSE
7058.T,TSE
7059.T,TSE
7060.T,TSE
7061.T,TSE
7062.T,TSE
7063.T,TSE
7064.T,TSE
7065.T,TSE
7066.T,TSE
7067.T,TSE
7068.T,TSE
7069.T,TSE
7071.T,TSE
7072.T,TSE
7073.T,TSE
7074.T,TSE
7075.T,TSE
7077.T,TSE
7078.T,TSE
7079.T,TSE
7080.T,TSE
7081.T,TSE
7082.T,TSE
7083.T,TSE
7084.T,TSE
7085.T,TSE
7087.T,TSE
7088.T,TSE
7089.T,TSE
7090.T,TSE
7091.T,TSE
7092.T,TSE
7093.T,TSE
7094.T,TSE
7095.T,TSE
7096.T,TSE
7097.T,TSE
7102.T,TSE
7105.T,TSE
7110.T,TSE
7111.T,TSE
7112.T,TSE
7114.T,TSE
7115.T,TSE
7116.T,TSE
7119.T,TSE
7120.T,TSE
7122.T,TSE
7126.T,TSE
7127.T,TSE
7128.T,TSE
7129.T,TSE
7130.T,TSE
7131.T,TSE
7133.T,TSE
7134.T,TSE
7135.T,TSE
7138.T,TSE
7140.T,TSE
7148.T,TSE
7150.T,TSE
7157.T,TSE
7161.T,TSE
7162.T,TSE
7164.T,TSE
7167.T,TSE
7172.T,TSE
7173.T,TSE
7175.T,TSE
7177.T,TSE
7180.T,TSE
7181.T,TSE
7182.T,TSE
7183.T,TSE
7184.T,TSE
7185.T,TSE
7186.T,TSE
7187.T,TSE
7189.T,TSE
7191.T,TSE
7192.T,TSE
7196.T,TSE
7198.T,TSE
7199.T,TSE
7201.T,TSE
7202.T,TSE
7203.T,TSE
7205.T,TSE
7208.T,TSE
7211.T,TSE
7212.T,TSE
7213.T,TSE
7214.T,TSE
7215.T,TSE
7217.T,TSE
7218.T,TSE
7219.T,TSE
7220.T,TSE
7222.T,TSE
7224.T,TSE
7226.T,TSE
7228.T,TSE
7229.T,TSE
7231.T,TSE
7235.T,TSE
7236.T,TSE
7238.T,TSE
7239.T,TSE
7240.T,TSE
7241.T,TSE
7242.T,TSE
7244.T,TSE
7245.T,TSE
7246.T,TSE
7247.T,TSE
7250.T,TSE
7254.T,TSE
7255.T,TSE
7256.T,TSE
7259.T,TSE
7261.T,TSE
7264.T,TSE
7265.T,TSE
7266.T,TSE
7267.T,TSE
7269.T,TSE
7270.T,TSE
7271.T,TSE
7272.T,TSE
7273.T,TSE
7276.T,TSE
7277.T,TSE
7278.T,TSE
7279.T,TSE
7280.T,TSE
7282.T,TSE
7283.T,TSE
7284.T,TSE
7287.T,TSE
7291.T,TSE
7292.T,TSE
7294.T,TSE
7296.T,TSE
7297.T,TSE
7299.T,TSE
7305.T,TSE
7309.T,TSE
7313.T,TSE
7314.T,TSE
7317.T,TSE
7318.T,TSE
7320.T,TSE
7322.T,TSE
7325.T,TSE
7326.T,TSE
7327.T,TSE
7337.T,TSE
7343.T,TSE
7345.T,TSE
7347.T,TSE
7350.T,TSE
7351.T,TSE
7352.T,TSE
7353.T,TSE
7354.T,TSE
7356.T,TSE
7357.T,TSE
7358.T,TSE
7359.T,TSE
7360.T,TSE
7361.T,TSE
7362.T,TSE
7363.T,TSE
7366.T,TSE
7367.T,TSE
7368.T,TSE
7369.T,TSE
7370.T,TSE
7371.T,TSE
7372.T,TSE
7373.T,TSE
7374.T,TSE
7375.T,TSE
7376.T,TSE
7377.T,TSE
7378.T,TSE
7380.T,TSE
7381.T,TSE
7383.T,TSE
7384.T,TSE
7388.T,TSE
7389.T,TSE
7399.T,TSE
7409.T,TSE
7412.T,TSE
7413.T,TSE
7414.T,TSE
7416.T,TSE
7417.T,TSE
7419.T,TSE
7420.T,TSE
7421.T,TSE
7422.T,TSE
7425.T,TSE
7426.T,TSE
7427.T,TSE
7433.T,TSE
7434.T,TSE
7435.T,TSE
7438.T,TSE
7442.T,TSE
7443.T,TSE
7444.T,TSE
7445.T,TSE
7446.T,TSE
7447.T,TSE
7450.T,TSE
7453.T,TSE
7455.T,TSE
7456.T,TSE
7458.T,TSE
7459.T,TSE
7460.T,TSE
7461.T,TSE
7462.T,TSE
7463.T,TSE
7464.T,TSE
7466.T,TSE
7467.T,TSE
7472.T,TSE
7475.T,TSE
7476.T,TSE
7477.T,TSE
7480.T,TSE
7481.T,TSE
7482.T,TSE
7483.T,TSE
7486.T,TSE
7487.T,TSE
7490.T,TSE
7494.T,TSE
7500.T,TSE
7501.T,TSE
7502.T,TSE
7504.T,TSE
7505.T,TSE
7506.T,TSE
7508.T,TSE
7509.T,TSE
7510.T,TSE
7512.T,TSE
7513.T,TSE
7514.T,TSE
7515.T,TSE
7516.T,TSE
7520.T,TSE
7521.T,TSE
7522.T,TSE
7523.T,TSE
7524.T,TSE
7525.T,TSE
7527.T,TSE
7531.T,TSE
7532.T,TSE
7537.T,TSE
7538.T,TSE
7539.T,TSE
7544.T,TSE
7545.T,TSE
7550.T,TSE
75505.T,TSE
7551.T,TSE
7552.T,TSE
7554.T,TSE
7555.T,TSE
7561.T,TSE
7562.T,TSE
7564.T,TSE
7565.T,TSE
7567.T,TSE
7570.T,TSE
7571.T,TSE
7575.T,TSE
7578.T,TSE
7581.T,TSE
7585.T,TSE
7590.T,TSE
7593.T,TSE
7595.T,TSE
7596.T,TSE
7599.T,TSE
7600.T,TSE
7601.T,TSE
7602.T,TSE
7603.T,TSE
7604.T,TSE
7606.T,TSE
7607.T,TSE
7608.T,TSE
7609.T,TSE
7610.T,TSE
7611.T,TSE
7613.T,TSE
7614.T,TSE
7615.T,TSE
7616.T,TSE
7619.T,TSE
7621.T,TSE
7624.T,TSE
7625.T,TSE
7628.T,TSE
7630.T,TSE
7634.T,TSE
7635.T,TSE
7636.T,TSE
7637.T,TSE
7638.T,TSE
7640.T,TSE
7643.T,TSE
7646.T,TSE
7649.T,TSE
7670.T,TSE
7673.T,TSE
7674.T,TSE
7677.T,TSE
7678.T,TSE
7679.T,TSE
7681.T,TSE
7682.T,TSE
7683.T,TSE
7685.T,TSE
7686.T,TSE
7687.T,TSE
7689.T,TSE
7692.T,TSE
7694.T,TSE
7695.T,TSE
7698.T,TSE
7701.T,TSE
7702.T,TSE
7707.T,TSE
7709.T,TSE
7711.T,TSE
7713.T,TSE
7715.T,TSE
7716.T,TSE
7717.T,TSE
7718.T,TSE
7719.T,TSE
7721.T,TSE
7722.T,TSE
7723.T,TSE
7725.T,TSE
7726.T,TSE
7727.T,TSE
7729.T,TSE
7730.T,TSE
7731.T,TSE
7732.T,TSE
7733.T,TSE
7734.T,TSE
7735.T,TSE
7739.T,TSE
7740.T,TSE
7741.T,TSE
7743.T,TSE
7744.T,TSE
7745.T,TSE
7746.T,TSE
7747.T,TSE
7749.T,TSE
7751.T,TSE
7752.T,TSE
7760.T,TSE
7762.T,TSE
7769.T,TSE
7771.T,TSE
7774.T,TSE
7775.T,TSE
7776.T,TSE
7777.T,TSE
7779.T,TSE
7780.T,TSE
7781.T,TSE
7782.T,TSE
7791.T,TSE
7792.T,TSE
7793.T,TSE
7794.T,TSE
7795.T,TSE
7800.T,TSE
7803.T,TSE
7804.T,TSE
7805.T,TSE
7806.T,TSE
7807.T,TSE
7808.T,TSE
7809.T,TSE
7810.T,TSE
7811.T,TSE
7812.T,TSE
7813.T,TSE
7814.T,TSE
7815.T,TSE
7817.T,TSE
7818.T,TSE
7819.T,TSE
7820.T,TSE
7821.T,TSE
7822.T,TSE
7823.T,TSE
7826.T,TSE
7827.T,TSE
7831.T,TSE
7832.T,TSE
7833.T,TSE
7836.T,TSE
7837.T,TSE
7839.T,TSE
7840.T,TSE
7841.T,TSE
7844.T,TSE
7846.T,TSE
7847.T,TSE
7849.T,TSE
7850.T,TSE
7851.T,TSE
7856.T,TSE
7857.T,TSE
7859.T,TSE
7860.T,TSE
7863.T,TSE
7864.T,TSE
7865.T,TSE
7867.T,TSE
7868.T,TSE
7871.T,TSE
7872.T,TSE
7874.T,TSE
7875.T,TSE
7877.T,TSE
7878.T,TSE
7879.T,TSE
7883.T,TSE
7885.T,TSE
7886.T,TSE
7887.T,TSE
7888.T,TSE
7893.T,TSE
7896.T,TSE
7897.T,TSE
7898.T,TSE
7901.T,TSE
7902.T,TSE
7906.T,TSE
7908.T,TSE
7911.T,TSE
7912.T,TSE
7914.T,TSE
7915.T,TSE
7916.T,TSE
7917.T,TSE
7918.T,TSE
7919.T,TSE
7921.T,TSE
7922.T,TSE
7923.T,TSE
7925.T,TSE
7927.T,TSE
7928.T,TSE
7931.T,TSE
7932.T,TSE
7936.T,TSE
7937.T,TSE
7938.T,TSE
7939.T,TSE
7940.T,TSE
7942.T,TSE
7943.T,TSE
7944.T,TSE
7946.T,TSE
7947.T,TSE
7949.T,TSE
7951.T,TSE
7952.T,TSE
7953.T,TSE
7955.T,TSE
7956.T,TSE
7957.T,TSE
7962.T,TSE
7963.T,TSE
7965.T,TSE
7966.T,TSE
7970.T,TSE
7971.T,TSE
7972.T,TSE
7974.T,TSE
7975.T,TSE
7976.T,TSE
7979.T,TSE
7980.T,TSE
7981.T,TSE
7983.T,TSE
7984.T,TSE
7985.T,TSE
7986.T,TSE
7987.T,TSE
7988.T,TSE
7989.T,TSE
7990.T,TSE
7991.T,TSE
7992.T,TSE
7994.T,TSE
7995.T,TSE
7997.T,TSE
7999.T,TSE
8001.T,TSE
8002.T,TSE
8005.T,TSE
8006.T,TSE
8007.T,TSE
8008.T,TSE
8011.T,TSE
8012.T,TSE
8013.T,TSE
8014.T,TSE
8015.T,TSE
8016.T,TSE
8018.T,TSE
8020.T,TSE
8022.T,TSE
8023.T,TSE
8025.T,TSE
8029.T,TSE
8030.T,TSE
8031.T,TSE
8032.T,TSE
8035.T,TSE
8037.T,TSE
8039.T,TSE
8040.T,TSE
8041.T,TSE
8043.T,TSE
8045.T,TSE
8046.T,TSE
8050.T,TSE
8051.T,TSE
8052.T,TSE
8053.T,TSE
8056.T,TSE
8057.T,TSE
8058.T,TSE
8059.T,TSE
8060.T,TSE
8061.T,TSE
8065.T,TSE
8066.T,TSE
8070.T,TSE
8074.T,TSE
8075.T,TSE
8076.T,TSE
8077.T,TSE
8078.T,TSE
8079.T,TSE
8081.T,TSE
8084.T,TSE
8085.T,TSE
8086.T,TSE
8088.T,TSE
8089.T,TSE
8091.T,TSE
8093.T,TSE
8095.T,TSE
8097.T,TSE
8098.T,TSE
8101.T,TSE
8103.T,TSE
8104.T,TSE
8105.T,TSE
8107.T,TSE
8111.T,TSE
8113.T,TSE
8115.T,TSE
8117.T,TSE
8118.T,TSE
8119.T,TSE
8123.T,TSE
8125.T,TSE
8127.T,TSE
8129.T,TSE
8130.T,TSE
8131.T,TSE
8132.T,TSE
8133.T,TSE
8135.T,TSE
8136.T,TSE
8137.T,TSE
8138.T,TSE
8139.T,TSE
8141.T,TSE
8142.T,TSE
8143.T,TSE
8144.T,TSE
8147.T,TSE
8150.T,TSE
8151.T,TSE
8152.T,TSE
8153.T,TSE
8154.T,TSE
8157.T,TSE
8158.T,TSE
8159.T,TSE
8160.T,TSE
8163.T,TSE
8165.T,TSE
8166.T,TSE
8167.T,TSE
8173.T,TSE
8174.T,TSE
8179.T,TSE
8181.T,TSE
8185.T,TSE
8194.T,TSE
8198.T,TSE
8200.T,TSE
8202.T,TSE
8203.T,TSE
8207.T,TSE
8209.T,TSE
8214.T,TSE
8217.T,TSE
8218.T,TSE
8219.T,TSE
8225.T,TSE
8226.T,TSE
8227.T,TSE
8230.T,TSE
8233.T,TSE
8237.T,TSE
8242.T,TSE
8244.T,TSE
8247.T,TSE
8252.T,TSE
8253.T,TSE
8254.T,TSE
8255.T,TSE
8260.T,TSE
8267.T,TSE
8273.T,TSE
8275.T,TSE
8276.T,TSE
8278.T,TSE
8281.T,TSE
8282.T,TSE
8283.T,TSE
8285.T,TSE
8289.T,TSE
8291.T,TSE
8304.T,TSE
8306.T,TSE
8308.T,TSE
8309.T,TSE
8316.T,TSE
8331.T,TSE
8334.T,TSE
8336.T,TSE
8337.T,TSE
8338.T,TSE
8341.T,TSE
8343.T,TSE
8344.T,TSE
8345.T,TSE
8346.T,TSE
8349.T,TSE
8354.T,TSE
8358.T,TSE
8359.T,TSE
8360.T,TSE
8361.T,TSE
8362.T,TSE
8364.T,TSE
8365.T,TSE
8366.T,TSE
8367.T,TSE
8368.T,TSE
8370.T,TSE
8377.T,TSE
8381.T,TSE
8383.T,TSE
8386.T,TSE
8387.T,TSE
8388.T,TSE
8392.T,TSE
8393.T,TSE
8395.T,TSE
8399.T,TSE
8410.T,TSE
8411.T,TSE
8416.T,TSE
8418.T,TSE
8424.T,TSE
8425.T,TSE
8439.T,TSE
8473.T,TSE
8508.T,TSE
8511.T,TSE
8515.T,TSE
8518.T,TSE
8522.T,TSE
8524.T,TSE
8537.T,TSE
8541.T,TSE
8542.T,TSE
8544.T,TSE
8550.T,TSE
8551.T,TSE
8558.T,TSE
8562.T,TSE
8563.T,TSE
8566.T,TSE
8570.T,TSE
8572.T,TSE
8584.T,TSE
8585.T,TSE
8591.T,TSE
8593.T,TSE
8595.T,TSE
8596.T,TSE
8600.T,TSE
8601.T,TSE
8604.T,TSE
8609.T,TSE
8613.T,TSE
8614.T,TSE
8616.T,TSE
8617.T,TSE
8622.T,TSE
8624.T,TSE
8628.T,TSE
8630.T,TSE
8697.T,TSE
8698.T,TSE
8699.T,TSE
8700.T,TSE
8704.T,TSE
8705.T,TSE
8706.T,TSE
8707.T,TSE
8708.T,TSE
8713.T,TSE
8714.T,TSE
8715.T,TSE
8725.T,TSE
8729.T,TSE
8737.T,TSE
8739.T,TSE
8742.T,TSE
8746.T,TSE
8747.T,TSE
8750.T,TSE
8766.T,TSE
8769.T,TSE
8771.T,TSE
8772.T,TSE
8783.T,TSE
8789.T,TSE
8793.T,TSE
8795.T,TSE
8798.T,TSE
8801.T,TSE
8802.T,TSE
8803.T,TSE
8804.T,TSE
8818.T,TSE
8830.T,TSE
8835.T,TSE
8836.T,TSE
8841.T,TSE
8844.T,TSE
8848.T,TSE
8850.T,TSE
8860.T,TSE
8864.T,TSE
8869.T,TSE
8871.T,TSE
8876.T,TSE
8877.T,TSE
8881.T,TSE
8887.T,TSE
8891.T,TSE
8892.T,TSE
8894.T,TSE
8897.T,TSE
8898.T,TSE
8904.T,TSE
8908.T,TSE
8912.T,TSE
8914.T,TSE
8917.T,TSE
8918.T,TSE
8919.T,TSE
8920.T,TSE
8923.T,TSE
8927.T,TSE
8928.T,TSE
8929.T,TSE
8931.T,TSE
8934.T,TSE
8935.T,TSE
8938.T,TSE
8944.T,TSE
8945.T,TSE
8946.T,TSE
8995.T,TSE
8996.T,TSE
8999.T,TSE
9001.T,TSE
9003.T,TSE
9005.T,TSE
9006.T,TSE
9007.T,TSE
9008.T,TSE
9009.T,TSE
9010.T,TSE
9012.T,TSE
9017.T,TSE
9020.T,TSE
9021.T,TSE
9022.T,TSE
9023.T,TSE
9024.T,TSE
9025.T,TSE
9028.T,TSE
9029.T,TSE
9031.T,TSE
9033.T,TSE
9034.T,TSE
9036.T,TSE
9037.T,TSE
9039.T,TSE
9041.T,TSE
9042.T,TSE
9044.T,TSE
9045.T,TSE
9046.T,TSE
9048.T,TSE
9049.T,TSE
9051.T,TSE
9052.T,TSE
9057.T,TSE
9059.T,TSE
9060.T,TSE
9063.T,TSE
9064.T,TSE
9065.T,TSE
9067.T,TSE
9068.T,TSE
9069.T,TSE
9072.T,TSE
9073.T,TSE
9074.T,TSE
9075.T,TSE
9076.T,TSE
9081.T,TSE
9082.T,TSE
9083.T,TSE
9087.T,TSE
9090.T,TSE
9101.T,TSE
9104.T,TSE
9107.T,TSE
9110.T,TSE
9115.T,TSE
9119.T,TSE
9127.T,TSE
9130.T,TSE
9142.T,TSE
9143.T,TSE
9145.T,TSE
9147.T,TSE
9158.T,TSE
9159.T,TSE
9160.T,TSE
9162.T,TSE
9163.T,TSE
9165.T,TSE
9166.T,TSE
9168.T,TSE
9171.T,TSE
9173.T,TSE
9193.T,TSE
9201.T,TSE
9202.T,TSE
9204.T,TSE
9206.T,TSE
9211.T,TSE
9212.T,TSE
9213.T,TSE
9214.T,TSE
9215.T,TSE
9216.T,TSE
9218.T,TSE
9219.T,TSE
9220.T,TSE
9221.T,TSE
9223.T,TSE
9225.T,TSE
9227.T,TSE
9229.T,TSE
9233.T,TSE
9235.T,TSE
9236.T,TSE
9237.T,TSE
9238.T,TSE
9240.T,TSE
9241.T,TSE
9242.T,TSE
9244.T,TSE
9245.T,TSE
9246.T,TSE
9247.T,TSE
9248.T,TSE
9249.T,TSE
9250.T,TSE
9251.T,TSE
9252.T,TSE
9253.T,TSE
9254.T,TSE
9256.T,TSE
9258.T,TSE
9259.T,TSE
9262.T,TSE
9264.T,TSE
9265.T,TSE
9267.T,TSE
9268.T,TSE
9270.T,TSE
9271.T,TSE
9272.T,TSE
9273.T,TSE
9274.T,TSE
9278.T,TSE
9279.T,TSE
9301.T,TSE
9302.T,TSE
9303.T,TSE
9304.T,TSE
9305.T,TSE
9306.T,TSE
9307.T,TSE
9308.T,TSE
9310.T,TSE
9311.T,TSE
9312.T,TSE
9313.T,TSE
9319.T,TSE
9322.T,TSE
9324.T,TSE
9325.T,TSE
9326.T,TSE
9327.T,TSE
9330.T,TSE
9331.T,TSE
9332.T,TSE
9336.T,TSE
9337.T,TSE
9338.T,TSE
9339.T,TSE
9340.T,TSE
9341.T,TSE
9342.T,TSE
9343.T,TSE
9344.T,TSE
9345.T,TSE
9346.T,TSE
9347.T,TSE
9348.T,TSE
9351.T,TSE
9353.T,TSE
9355.T,TSE
9360.T,TSE
9361.T,TSE
9362.T,TSE
9363.T,TSE
9364.T,TSE
9365.T,TSE
9366.T,TSE
9367.T,TSE
9368.T,TSE
9369.T,TSE
9376.T,TSE
9380.T,TSE
9381.T,TSE
9385.T,TSE
9401.T,TSE
9404.T,TSE
9405.T,TSE
9408.T,TSE
9409.T,TSE
9412.T,TSE
9413.T,TSE
9414.T,TSE
9416.T,TSE
9417.T,TSE
9418.T,TSE
9419.T,TSE
9421.T,TSE
9423.T,TSE
9424.T,TSE
9425.T,TSE
9428.T,TSE
9432.T,TSE
9433.T,TSE
9434.T,TSE
94345.T,TSE
94346.T,TSE
9435.T,TSE
9436.T,TSE
9438.T,TSE
9439.T,TSE
9441.T,TSE
9444.T,TSE
9445.T,TSE
9446.T,TSE
9449.T,TSE
9450.T,TSE
9466.T,TSE
9467.T,TSE
9468.T,TSE
9470.T,TSE
9474.T,TSE
9475.T,TSE
9476.T,TSE
9478.T,TSE
9501.T,TSE
9502.T,TSE
9503.T,TSE
9504.T,TSE
9505.T,TSE
9506.T,TSE
9507.T,TSE
9508.T,TSE
9509.T,TSE
9511.T,TSE
9513.T,TSE
9514.T,TSE
9517.T,TSE
9519.T,TSE
9531.T,TSE
9532.T,TSE
9533.T,TSE
9534.T,TSE
9535.T,TSE
9536.T,TSE
9537.T,TSE
9539.T,TSE
9543.T,TSE
9551.T,TSE
9552.T,TSE
9553.T,TSE
9554.T,TSE
9556.T,TSE
9557.T,TSE
9558.T,TSE
9560.T,TSE
9561.T,TSE
9562.T,TSE
9563.T,TSE
9564.T,TSE
9565.T,TSE
9600.T,TSE
9601.T,TSE
9602.T,TSE
9603.T,TSE
9605.T,TSE
9610.T,TSE
9612.T,TSE
9616.T,TSE
9619.T,TSE
9621.T,TSE
9622.T,TSE
9625.T,TSE
9627.T,TSE
9628.T,TSE
9629.T,TSE
9632.T,TSE
9633.T,TSE
9635.T,TSE
9636.T,TSE
9639.T,TSE
9640.T,TSE
9644.T,TSE
9647.T,TSE
9651.T,TSE
9656.T,TSE
9658.T,TSE
9661.T,TSE
9663.T,TSE
9672.T,TSE
9678.T,TSE
9679.T,TSE
9682.T,TSE
9684.T,TSE
9685.T,TSE
9686.T,TSE
9687.T,TSE
9691.T,TSE
9692.T,TSE
9697.T,TSE
9698.T,TSE
9699.T,TSE
9701.T,TSE
9702.T,TSE
9704.T,TSE
9706.T,TSE
9708.T,TSE
9709.T,TSE
9713.T,TSE
9715.T,TSE
9716.T,TSE
9719.T,TSE
9720.T,TSE
9722.T,TSE
9723.T,TSE
9726.T,TSE
9729.T,TSE
9731.T,TSE
9733.T,TSE
9735.T,TSE
9739.T,TSE
9740.T,TSE
9742.T,TSE
9743.T,TSE
9744.T,TSE
9746.T,TSE
9753.T,TSE
9755.T,TSE
9757.T,TSE
9759.T,TSE
9760.T,TSE
9761.T,TSE
9763.T,TSE
9765.T,TSE
9766.T,TSE
9767.T,TSE
9768.T,TSE
9769.T,TSE
9776.T,TSE
9778.T,TSE
9780.T,TSE
9782.T,TSE
9788.T,TSE
9790.T,TSE
9791.T,TSE
9793.T,TSE
9795.T,TSE
9799.T,TSE
9812.T,TSE
9816.T,TSE
9818.T,TSE
9820.T,TSE
9823.T,TSE
9824.T,TSE
9827.T,TSE
9828.T,TSE
9830.T,TSE
9831.T,TSE
9832.T,TSE
9835.T,TSE
9837.T,TSE
9842.T,TSE
9843.T,TSE
9845.T,TSE
9846.T,TSE
9849.T,TSE
9850.T,TSE
9853.T,TSE
9854.T,TSE
9856.T,TSE
9857.T,TSE
9861.T,TSE
9867.T,TSE
9869.T,TSE
9872.T,TSE
9876.T,TSE
9878.T,TSE
9880.T,TSE
9882.T,TSE
9885.T,TSE
9887.T,TSE
9888.T,TSE
9889.T,TSE
9890.T,TSE
9895.T,TSE
9896.T,TSE
9900.T,TSE
9902.T,TSE
9903.T,TSE
9904.T,TSE
9906.T,TSE
9908.T,TSE
9913.T,TSE
9914.T,TSE
9927.T,TSE
9928.T,TSE
9929.T,TSE
9930.T,TSE
9932.T,TSE
9934.T,TSE
9936.T,TSE
9941.T,TSE
9946.T,TSE
9948.T,TSE
9950.T,TSE
9955.T,TSE
9956.T,TSE
9959.T,TSE
9960.T,TSE
9962.T,TSE
9969.T,TSE
9972.T,TSE
9973.T,TSE
9974.T,TSE
9976.T,TSE
9978.T,TSE
9979.T,TSE
9980.T,TSE
9982.T,TSE
9983.T,TSE
9984.T,TSE
9986.T,TSE
9987.T,TSE
9989.T,TSE
9990.T,TSE
9991.T,TSE
9993.T,TSE
9994.T,TSE
9996.T,TSE
9997.T,TSE
